Num,Num,render,id,label,parent,subparent,kind,type,classes,scale,opacity,oookind,ooosymbol,ooox,oooy,ooow,oooh,labelParams,offsetAngle,radius,xOffset,yOffset,ssskind,ssssymbol,sssx,sssy,sssw,sssh,xxxkind,xxxsymbol,xxxx,xxxy,xxxw,xxxh,vvvkind,vvvsymbol,vvvx,vvvy,vvvw,vvvh,unoa,unob,linestyle,direction,lineoffsetkind,lineoffset,routing,,,
2,3,4,5,6,7,8,9,10,11,12,13,14,15,16,17,18,19,20,21,22,23,24,25,26,27,28,29,30,31,32,33,34,35,36,37,38,39,40,41,42,43,44,45,46,47,48,49,,,
,,,ID fo DB,Label/Name of the UNO,UNO id of the parent UNO.,The layer within the parent to use,Category of the UNO,Sub-category of the UNO,UNO's CSS Class(es),A multiplier to be applied to all symbols and Connection stroke values.,Opacity,What to draw for ooo,The Symbol or Graphic Style to use.,,,,Symbol Height,,,,,,What to draw for ccc,The Symbol or Graphic Style to use.,Symbol X position,Symbol y position,Symbol Width,Symbol Height,What to draw for xxx,The Symbol or Graphic Style to use.,Symbol X position,Symbol y position,Symbol Width,Symbol Height,What to draw for the foreground object,The Symbol or Graphic Style to use.,Symbol X position,Symbol y position,Symbol Width,Symbol Height,First UNO of the connection,Second UNO of the connection,The graphic style to use for the connection.,Direction of the Connection,Kind of line offset,Amount of offset,,,,
Scratch column - can be used for calculations or numberign things as needed.,Scratch column - can be used for calculations or numberign things as needed.,An X to mark rows that should be rendered.,Unique object ID used as the ID in the database.,Text label for the UNO,The parent UNO that will contain this UNO,Where withing the parent this UNO should be placed,Things (the default) - Connections (must be specified) - radialSubstep things,,Sets CSS class(es) for the UNO.,,Transparency setting for the Symbol.,A varible that specifies what to draw for the ooo:  symbol | rect | ellipse,If oookind is 'symbol' then this is specifies an Illustrator symbol name - else - for 'rect' or 'ellipes' it specifies a Graphic Style.  If blank nothing will be put in the ooo group.,Horizontal position from the upper left corner of the artboard to the center point of the symbol.  If the Kind is Radial - this value is the radius,Vertical position from the upper left corner of the artboard to the center point of the symbol - in positive points (going down) from the upper left corner.  If the Kind is Radial - this value is the offset angle from 0 degrees.,Symbol width.  ,Symbol width.  ,labelKindlabelxlabelylabelw - used to size the area text rectlabelh - used to size the area text rectlabeloffsetx - an offset shift for point text, a padding value for area textlabeloffsety- an offset shift for point text, a padding value for area textlabelpstyle - a prefix of 'VC' in the style name will Vertically Center the textfontsizelabelgstyle - an optional graphic style to apply to the text - e.g. to add a text outline stroke,Used for 'kind' Radial or Tree to specify an offset from the 0.  For the kind 'angular' - it specifes the absolute angle - used in conjunction with radius - to plot the UNO.,Used for 'kind' Radial or Tree,Used for 'kind' Radial or Tree,Used for 'kind' Radial or Tree,A varible that specifies what to draw for the ccc:  symbol | rect | ellipse,If ssskind is 'symbol' then this is specifies an Illustrator symbol name - else - for 'rect' or 'ellipes' it specifies a Graphic Style   If blank nothing will be put in the ooo group.,Horizontal position from the upper left corner of the artboard to the center point of the symbol.,Vertical position from the upper left corner of the artboard to the center point of the symbol - in positive points (going down) from the upper left corner,Symbol width. ,Symbol width. ,A varible that specifies what to draw for the ccc:  symbol | rect | ellipse,If xxxkind is 'symbol' then this is specifies an Illustrator symbol name - else - for 'rect' or 'ellipes' it specifies a Graphic Style.  If blank nothing will be put in the ooo group.,Horizontal position from the upper left corner of the artboard to the center point of the symbol.,Vertical position from the upper left corner of the artboard to the center point of the symbol - in positive points (going down) from the upper left corner,Symbol width. ,Symbol width. ,A varible that specifies what to draw:  symbol | rect | ellipse,If the kind is 'symbol' then this is specifies an Illustrator symbol name - else - for 'rect' or 'ellipes' it specifies a Graphic Style - or - for a connection a graphic style to use for the line.  If blank nothing will be put in the ooo group.,Horizontal position from the upper left corner of the artboard to the center point of the symbol.,Vertical position from the upper left corner of the artboard to the center point of the symbol - in positive points (going down) from the upper left corner,Symbol width.,Symbol width. ,only used by connection kind.,,,Specifies if the connection is generic- to- from- or both (bi-directionsl),Type of line offet from the ooo permimeter to use,The extra offset to add to the permiter around the UNO's ooo,,,,
,,A capital 'X' or blank,,,,,,,,,,,,The ooo position - and often the size - are used as the key to which all other elements are either set equal to - of offset/calcualted from.,,,,,,,,,,,Often just copied from the ooo coordinates and size.  The ooo coordinates are the default 'location' of the object.If this is a symbol for a Connection- the x-y coordinates are not specified here- but are calculated from the line-routing algorithm.,,,,,,Often just copied from the ooo coordinates and size.  The ooo coordinates are the default 'location' of the object.If this is a symbol for a Connection- the x-y coordinates are not specified here- but are calculated from the line-routing algorithm.,,,,,,Often just copied from the ooo coordinates and size.  The ooo coordinates are the default 'location' of the object.,,,,Only used by Connection kind.,,,,,,,,,
,,,Camel-case text,Text,UNO id,uno (immediate child), xxx (closeRd child), or vvv (closeR child - the default),,,valid CSS class names- without the 'class:' prefix- multiple classes separated by a space.,A multiple number,0 to 1.0,,Valid Illustrator Symbol or Graphic Style name,points or degrees (for Radial Kinds),,,points,space-separated string,degrees,points,,,,Valid Illustrator Symbol or Graphic Style name,points,points,points,points,,Valid Illustrator Symbol or Graphic Style name,points,points,points,points,,Valid Illustrator Symbol or Graphic Style name,points,points,points,points,UNO id,UNO id,Valid graphic sytle name,keyword,name of offset type,points,name of routing algorithm,,,
,,Radial Calculations - Tier 1,,,Radial Calculations - Tier 2,,,Radial Calculations - Tier 3,,,,,,,,,,space, ,,,,,,,,,,,,,,,,,,,,,,,,,,,,,,,
,,degrees/pts,radians,,degrees/pts,radians,,degrees/pts,radians,,,,,,,,,labelKind,1,,,,,,,,,,,,,,,,,,,,,,,,,,,,,,,
,,180,3.14159265358979,,0,0,,0,0,,,,,,,,,labelx,,,,,,,,,,,,,,,,,,,,,,,,,,,,,,,,
,,0,0,,-35,-0.610865238198015,,-29,-0.506145483078356,,,,,,,,,labely,,,,,,,,,,,,,,,,,,,,,,,,,,,,,,,,
,,8,,,4,,,3,,,,,,,,,,labelw,0,,,,,,,,,,,,,,,,,,,,,,,,,,,,,,,
,,360,,,70,,,58,,,,,,,,,,labelh,0,,,,,,,,,,,,,,,,,,,,,,,,,,,,,,,
,,280,,,200,,,70,,,,,,,,,,labeloffsetx,0,,,,,,,,,,,,,,,,,,,,,,,,,,,,,,,
,,45,0.785398163397448,,23.3333333333333,0.40724349213201,,29,0.506145483078356,,,,,,,,,labeloffsety,0,,,,,,,,,,,,,,,,,,,,,,,,,,,,,,,
,,,,,,,,,,,,,,,,,,labelpstyle,VCThingLabel,,,,,,,,,,,,,,,,,,,,,,,,,,,,,,,
,,,,,,,,,,,,,,,,,,fontsize,12,18,28,48,,,,,,,,,,,,,,,,,,,,,,,,,,,,
,,,,,,,,,,,,,,,,,,labelgstyle,,optional,,,,,,,,,,,,,,,,,,,,,,,,,,,,,,
,,,,,,,,,,,,,,,,,,,,,,,,,,,,,,,,,,,,,,,,,,,,,,,,,,
,,,,,,,,,,,,,,,,,,,,,,,,,,,,,,,,,,,,,,,,,,,,,,,,,,
,,,RadialThings,Radial8x4x3,,,Info,,,,,symbol,OpenBox,100,36,144,24,,,,,,,,,,,,,,,,,,,,,,,,,,,,,,,,,
,,X,1to1,1to1,C1,,connection,,connection,1,1,symbol,,,,14,14,,,,,,,,,,,,,,,,,,,,,,,,C1,D1,Generic,None,Ellipse,12,2point,,,
,,X,1to1,1to1,C1,,connection,,connection,1,1,symbol,,,,14,14,,,,,,,,,,,,,,,,,,,,,,,,C1,D2,Generic,None,Ellipse,12,2point,,,
,,X,1to1,1to1,C1,,connection,,connection,1,1,symbol,,,,14,14,,,,,,,,,,,,,,,,,,,,,,,,C1,D3,Generic,None,Ellipse,12,2point,,,
,,X,1to1,1to1,B1,,connection,,connection,1,1,symbol,,,,14,14,,,,,,,,,,,,,,,,,,,,,,,,B1,C1,Generic,None,Ellipse,12,2point,,,
,,X,1to1,1to1,C2,,connection,,connection,1,1,symbol,,,,14,14,,,,,,,,,,,,,,,,,,,,,,,,C2,D4,Generic,None,Ellipse,12,2point,,,
,,X,1to1,1to1,C2,,connection,,connection,1,1,symbol,,,,14,14,,,,,,,,,,,,,,,,,,,,,,,,C2,D5,Generic,None,Ellipse,12,2point,,,
,,X,1to1,1to1,C2,,connection,,connection,1,1,symbol,,,,14,14,,,,,,,,,,,,,,,,,,,,,,,,C2,D6,Generic,None,Ellipse,12,2point,,,
,,X,1to1,1to1,B1,,connection,,connection,1,1,symbol,,,,14,14,,,,,,,,,,,,,,,,,,,,,,,,B1,C2,Generic,None,Ellipse,12,2point,,,
,,X,1to1,1to1,C3,,connection,,connection,1,1,symbol,,,,14,14,,,,,,,,,,,,,,,,,,,,,,,,C3,D7,Generic,None,Ellipse,12,2point,,,
,,X,1to1,1to1,C3,,connection,,connection,1,1,symbol,,,,14,14,,,,,,,,,,,,,,,,,,,,,,,,C3,D8,Generic,None,Ellipse,12,2point,,,
,,X,1to1,1to1,C3,,connection,,connection,1,1,symbol,,,,14,14,,,,,,,,,,,,,,,,,,,,,,,,C3,D9,Generic,None,Ellipse,12,2point,,,
,,X,1to1,1to1,B1,,connection,,connection,1,1,symbol,,,,14,14,,,,,,,,,,,,,,,,,,,,,,,,B1,C3,Generic,None,Ellipse,12,2point,,,
,,X,1to1,1to1,C4,,connection,,connection,1,1,symbol,,,,14,14,,,,,,,,,,,,,,,,,,,,,,,,C4,D10,Generic,None,Ellipse,12,2point,,,
,,X,1to1,1to1,C4,,connection,,connection,1,1,symbol,,,,14,14,,,,,,,,,,,,,,,,,,,,,,,,C4,D11,Generic,None,Ellipse,12,2point,,,
,,X,1to1,1to1,C4,,connection,,connection,1,1,symbol,,,,14,14,,,,,,,,,,,,,,,,,,,,,,,,C4,D12,Generic,None,Ellipse,12,2point,,,
,,X,1to1,1to1,B1,,connection,,connection,1,1,symbol,,,,14,14,,,,,,,,,,,,,,,,,,,,,,,,B1,C4,Generic,None,Ellipse,12,2point,,,
,,X,1to1,1to1,A,,connection,,connection,1,1,symbol,,,,6,6,,,,,,,,,,,,,,,,,,,,,,,,A,B1,Generic,None,Ellipse,12,2point,,,
,,X,1to1,1to1,C5,,connection,,connection,1,1,symbol,,,,14,14,,,,,,,,,,,,,,,,,,,,,,,,C5,D13,Generic,None,Ellipse,12,2point,,,
,,X,1to1,1to1,C5,,connection,,connection,1,1,symbol,,,,14,14,,,,,,,,,,,,,,,,,,,,,,,,C5,D14,Generic,None,Ellipse,12,2point,,,
,,X,1to1,1to1,C5,,connection,,connection,1,1,symbol,,,,14,14,,,,,,,,,,,,,,,,,,,,,,,,C5,D15,Generic,None,Ellipse,12,2point,,,
,,X,1to1,1to1,B2,,connection,,connection,1,1,symbol,,,,14,14,,,,,,,,,,,,,,,,,,,,,,,,B2,C5,Generic,None,Ellipse,12,2point,,,
,,X,1to1,1to1,C6,,connection,,connection,1,1,symbol,,,,14,14,,,,,,,,,,,,,,,,,,,,,,,,C6,D16,Generic,None,Ellipse,12,2point,,,
,,X,1to1,1to1,C6,,connection,,connection,1,1,symbol,,,,14,14,,,,,,,,,,,,,,,,,,,,,,,,C6,D17,Generic,None,Ellipse,12,2point,,,
,,X,1to1,1to1,C6,,connection,,connection,1,1,symbol,,,,14,14,,,,,,,,,,,,,,,,,,,,,,,,C6,D18,Generic,None,Ellipse,12,2point,,,
,,X,1to1,1to1,B2,,connection,,connection,1,1,symbol,,,,14,14,,,,,,,,,,,,,,,,,,,,,,,,B2,C6,Generic,None,Ellipse,12,2point,,,
,,X,1to1,1to1,C7,,connection,,connection,1,1,symbol,,,,14,14,,,,,,,,,,,,,,,,,,,,,,,,C7,D19,Generic,None,Ellipse,12,2point,,,
,,X,1to1,1to1,C7,,connection,,connection,1,1,symbol,,,,14,14,,,,,,,,,,,,,,,,,,,,,,,,C7,D20,Generic,None,Ellipse,12,2point,,,
,,X,1to1,1to1,C7,,connection,,connection,1,1,symbol,,,,14,14,,,,,,,,,,,,,,,,,,,,,,,,C7,D21,Generic,None,Ellipse,12,2point,,,
,,X,1to1,1to1,B2,,connection,,connection,1,1,symbol,,,,14,14,,,,,,,,,,,,,,,,,,,,,,,,B2,C7,Generic,None,Ellipse,12,2point,,,
,,X,1to1,1to1,C8,,connection,,connection,1,1,symbol,,,,14,14,,,,,,,,,,,,,,,,,,,,,,,,C8,D22,Generic,None,Ellipse,12,2point,,,
,,X,1to1,1to1,C8,,connection,,connection,1,1,symbol,,,,14,14,,,,,,,,,,,,,,,,,,,,,,,,C8,D23,Generic,None,Ellipse,12,2point,,,
,,X,1to1,1to1,C8,,connection,,connection,1,1,symbol,,,,14,14,,,,,,,,,,,,,,,,,,,,,,,,C8,D24,Generic,None,Ellipse,12,2point,,,
,,X,1to1,1to1,B2,,connection,,connection,1,1,symbol,,,,14,14,,,,,,,,,,,,,,,,,,,,,,,,B2,C8,Generic,None,Ellipse,12,2point,,,
,,X,1to1,1to1,A,,connection,,connection,1,1,symbol,,,,6,6,,,,,,,,,,,,,,,,,,,,,,,,A,B2,Generic,None,Ellipse,12,2point,,,
,,X,1to1,1to1,C9,,connection,,connection,1,1,symbol,,,,14,14,,,,,,,,,,,,,,,,,,,,,,,,C9,D25,Generic,None,Ellipse,12,2point,,,
,,X,1to1,1to1,C9,,connection,,connection,1,1,symbol,,,,14,14,,,,,,,,,,,,,,,,,,,,,,,,C9,D26,Generic,None,Ellipse,12,2point,,,
,,X,1to1,1to1,C9,,connection,,connection,1,1,symbol,,,,14,14,,,,,,,,,,,,,,,,,,,,,,,,C9,D27,Generic,None,Ellipse,12,2point,,,
,,X,1to1,1to1,B3,,connection,,connection,1,1,symbol,,,,14,14,,,,,,,,,,,,,,,,,,,,,,,,B3,C9,Generic,None,Ellipse,12,2point,,,
,,X,1to1,1to1,C10,,connection,,connection,1,1,symbol,,,,14,14,,,,,,,,,,,,,,,,,,,,,,,,C10,D28,Generic,None,Ellipse,12,2point,,,
,,X,1to1,1to1,C10,,connection,,connection,1,1,symbol,,,,14,14,,,,,,,,,,,,,,,,,,,,,,,,C10,D29,Generic,None,Ellipse,12,2point,,,
,,X,1to1,1to1,C10,,connection,,connection,1,1,symbol,,,,14,14,,,,,,,,,,,,,,,,,,,,,,,,C10,D30,Generic,None,Ellipse,12,2point,,,
,,X,1to1,1to1,B3,,connection,,connection,1,1,symbol,,,,14,14,,,,,,,,,,,,,,,,,,,,,,,,B3,C10,Generic,None,Ellipse,12,2point,,,
,,X,1to1,1to1,C11,,connection,,connection,1,1,symbol,,,,14,14,,,,,,,,,,,,,,,,,,,,,,,,C11,D31,Generic,None,Ellipse,12,2point,,,
,,X,1to1,1to1,C11,,connection,,connection,1,1,symbol,,,,14,14,,,,,,,,,,,,,,,,,,,,,,,,C11,D32,Generic,None,Ellipse,12,2point,,,
,,X,1to1,1to1,C11,,connection,,connection,1,1,symbol,,,,14,14,,,,,,,,,,,,,,,,,,,,,,,,C11,D33,Generic,None,Ellipse,12,2point,,,
,,X,1to1,1to1,B3,,connection,,connection,1,1,symbol,,,,14,14,,,,,,,,,,,,,,,,,,,,,,,,B3,C11,Generic,None,Ellipse,12,2point,,,
,,X,1to1,1to1,C12,,connection,,connection,1,1,symbol,,,,14,14,,,,,,,,,,,,,,,,,,,,,,,,C12,D34,Generic,None,Ellipse,12,2point,,,
,,X,1to1,1to1,C12,,connection,,connection,1,1,symbol,,,,14,14,,,,,,,,,,,,,,,,,,,,,,,,C12,D35,Generic,None,Ellipse,12,2point,,,
,,X,1to1,1to1,C12,,connection,,connection,1,1,symbol,,,,14,14,,,,,,,,,,,,,,,,,,,,,,,,C12,D36,Generic,None,Ellipse,12,2point,,,
,,X,1to1,1to1,B3,,connection,,connection,1,1,symbol,,,,14,14,,,,,,,,,,,,,,,,,,,,,,,,B3,C12,Generic,None,Ellipse,12,2point,,,
,,X,1to1,1to1,A,,connection,,connection,1,1,symbol,,,,6,6,,,,,,,,,,,,,,,,,,,,,,,,A,B3,Generic,None,Ellipse,12,2point,,,
,,X,1to1,1to1,C13,,connection,,connection,1,1,symbol,,,,14,14,,,,,,,,,,,,,,,,,,,,,,,,C13,D37,Generic,None,Ellipse,12,2point,,,
,,X,1to1,1to1,C13,,connection,,connection,1,1,symbol,,,,14,14,,,,,,,,,,,,,,,,,,,,,,,,C13,D38,Generic,None,Ellipse,12,2point,,,
,,X,1to1,1to1,C13,,connection,,connection,1,1,symbol,,,,14,14,,,,,,,,,,,,,,,,,,,,,,,,C13,D39,Generic,None,Ellipse,12,2point,,,
,,X,1to1,1to1,B4,,connection,,connection,1,1,symbol,,,,14,14,,,,,,,,,,,,,,,,,,,,,,,,B4,C13,Generic,None,Ellipse,12,2point,,,
,,X,1to1,1to1,C14,,connection,,connection,1,1,symbol,,,,14,14,,,,,,,,,,,,,,,,,,,,,,,,C14,D40,Generic,None,Ellipse,12,2point,,,
,,X,1to1,1to1,C14,,connection,,connection,1,1,symbol,,,,14,14,,,,,,,,,,,,,,,,,,,,,,,,C14,D41,Generic,None,Ellipse,12,2point,,,
,,X,1to1,1to1,C14,,connection,,connection,1,1,symbol,,,,14,14,,,,,,,,,,,,,,,,,,,,,,,,C14,D42,Generic,None,Ellipse,12,2point,,,
,,X,1to1,1to1,B4,,connection,,connection,1,1,symbol,,,,14,14,,,,,,,,,,,,,,,,,,,,,,,,B4,C14,Generic,None,Ellipse,12,2point,,,
,,X,1to1,1to1,C15,,connection,,connection,1,1,symbol,,,,14,14,,,,,,,,,,,,,,,,,,,,,,,,C15,D43,Generic,None,Ellipse,12,2point,,,
,,X,1to1,1to1,C15,,connection,,connection,1,1,symbol,,,,14,14,,,,,,,,,,,,,,,,,,,,,,,,C15,D44,Generic,None,Ellipse,12,2point,,,
,,X,1to1,1to1,C15,,connection,,connection,1,1,symbol,,,,14,14,,,,,,,,,,,,,,,,,,,,,,,,C15,D45,Generic,None,Ellipse,12,2point,,,
,,X,1to1,1to1,B4,,connection,,connection,1,1,symbol,,,,14,14,,,,,,,,,,,,,,,,,,,,,,,,B4,C15,Generic,None,Ellipse,12,2point,,,
,,X,1to1,1to1,C16,,connection,,connection,1,1,symbol,,,,14,14,,,,,,,,,,,,,,,,,,,,,,,,C16,D46,Generic,None,Ellipse,12,2point,,,
,,X,1to1,1to1,C16,,connection,,connection,1,1,symbol,,,,14,14,,,,,,,,,,,,,,,,,,,,,,,,C16,D47,Generic,None,Ellipse,12,2point,,,
,,X,1to1,1to1,C16,,connection,,connection,1,1,symbol,,,,14,14,,,,,,,,,,,,,,,,,,,,,,,,C16,D48,Generic,None,Ellipse,12,2point,,,
,,X,1to1,1to1,B4,,connection,,connection,1,1,symbol,,,,14,14,,,,,,,,,,,,,,,,,,,,,,,,B4,C16,Generic,None,Ellipse,12,2point,,,
,,X,1to1,1to1,A,,connection,,connection,1,1,symbol,,,,6,6,,,,,,,,,,,,,,,,,,,,,,,,A,B4,Generic,None,Ellipse,12,2point,,,
,,X,1to1,1to1,C17,,connection,,connection,1,1,symbol,,,,14,14,,,,,,,,,,,,,,,,,,,,,,,,C17,D49,Generic,None,Ellipse,12,2point,,,
,,X,1to1,1to1,C17,,connection,,connection,1,1,symbol,,,,14,14,,,,,,,,,,,,,,,,,,,,,,,,C17,D50,Generic,None,Ellipse,12,2point,,,
,,X,1to1,1to1,C17,,connection,,connection,1,1,symbol,,,,14,14,,,,,,,,,,,,,,,,,,,,,,,,C17,D51,Generic,None,Ellipse,12,2point,,,
,,X,1to1,1to1,B5,,connection,,connection,1,1,symbol,,,,14,14,,,,,,,,,,,,,,,,,,,,,,,,B5,C17,Generic,None,Ellipse,12,2point,,,
,,X,1to1,1to1,C18,,connection,,connection,1,1,symbol,,,,14,14,,,,,,,,,,,,,,,,,,,,,,,,C18,D52,Generic,None,Ellipse,12,2point,,,
,,X,1to1,1to1,C18,,connection,,connection,1,1,symbol,,,,14,14,,,,,,,,,,,,,,,,,,,,,,,,C18,D53,Generic,None,Ellipse,12,2point,,,
,,X,1to1,1to1,C18,,connection,,connection,1,1,symbol,,,,14,14,,,,,,,,,,,,,,,,,,,,,,,,C18,D54,Generic,None,Ellipse,12,2point,,,
,,X,1to1,1to1,B5,,connection,,connection,1,1,symbol,,,,14,14,,,,,,,,,,,,,,,,,,,,,,,,B5,C18,Generic,None,Ellipse,12,2point,,,
,,X,1to1,1to1,C19,,connection,,connection,1,1,symbol,,,,14,14,,,,,,,,,,,,,,,,,,,,,,,,C19,D55,Generic,None,Ellipse,12,2point,,,
,,X,1to1,1to1,C19,,connection,,connection,1,1,symbol,,,,14,14,,,,,,,,,,,,,,,,,,,,,,,,C19,D56,Generic,None,Ellipse,12,2point,,,
,,X,1to1,1to1,C19,,connection,,connection,1,1,symbol,,,,14,14,,,,,,,,,,,,,,,,,,,,,,,,C19,D57,Generic,None,Ellipse,12,2point,,,
,,X,1to1,1to1,B5,,connection,,connection,1,1,symbol,,,,14,14,,,,,,,,,,,,,,,,,,,,,,,,B5,C19,Generic,None,Ellipse,12,2point,,,
,,X,1to1,1to1,C20,,connection,,connection,1,1,symbol,,,,14,14,,,,,,,,,,,,,,,,,,,,,,,,C20,D58,Generic,None,Ellipse,12,2point,,,
,,X,1to1,1to1,C20,,connection,,connection,1,1,symbol,,,,14,14,,,,,,,,,,,,,,,,,,,,,,,,C20,D59,Generic,None,Ellipse,12,2point,,,
,,X,1to1,1to1,C20,,connection,,connection,1,1,symbol,,,,14,14,,,,,,,,,,,,,,,,,,,,,,,,C20,D60,Generic,None,Ellipse,12,2point,,,
,,X,1to1,1to1,B5,,connection,,connection,1,1,symbol,,,,14,14,,,,,,,,,,,,,,,,,,,,,,,,B5,C20,Generic,None,Ellipse,12,2point,,,
,,X,1to1,1to1,A,,connection,,connection,1,1,symbol,,,,6,6,,,,,,,,,,,,,,,,,,,,,,,,A,B5,Generic,None,Ellipse,12,2point,,,
,,X,1to1,1to1,C21,,connection,,connection,1,1,symbol,,,,14,14,,,,,,,,,,,,,,,,,,,,,,,,C21,D61,Generic,None,Ellipse,12,2point,,,
,,X,1to1,1to1,C21,,connection,,connection,1,1,symbol,,,,14,14,,,,,,,,,,,,,,,,,,,,,,,,C21,D62,Generic,None,Ellipse,12,2point,,,
,,X,1to1,1to1,C21,,connection,,connection,1,1,symbol,,,,14,14,,,,,,,,,,,,,,,,,,,,,,,,C21,D63,Generic,None,Ellipse,12,2point,,,
,,X,1to1,1to1,B6,,connection,,connection,1,1,symbol,,,,14,14,,,,,,,,,,,,,,,,,,,,,,,,B6,C21,Generic,None,Ellipse,12,2point,,,
,,X,1to1,1to1,C22,,connection,,connection,1,1,symbol,,,,14,14,,,,,,,,,,,,,,,,,,,,,,,,C22,D64,Generic,None,Ellipse,12,2point,,,
,,X,1to1,1to1,C22,,connection,,connection,1,1,symbol,,,,14,14,,,,,,,,,,,,,,,,,,,,,,,,C22,D65,Generic,None,Ellipse,12,2point,,,
,,X,1to1,1to1,C22,,connection,,connection,1,1,symbol,,,,14,14,,,,,,,,,,,,,,,,,,,,,,,,C22,D66,Generic,None,Ellipse,12,2point,,,
,,X,1to1,1to1,B6,,connection,,connection,1,1,symbol,,,,14,14,,,,,,,,,,,,,,,,,,,,,,,,B6,C22,Generic,None,Ellipse,12,2point,,,
,,X,1to1,1to1,C23,,connection,,connection,1,1,symbol,,,,14,14,,,,,,,,,,,,,,,,,,,,,,,,C23,D67,Generic,None,Ellipse,12,2point,,,
,,X,1to1,1to1,C23,,connection,,connection,1,1,symbol,,,,14,14,,,,,,,,,,,,,,,,,,,,,,,,C23,D68,Generic,None,Ellipse,12,2point,,,
,,X,1to1,1to1,C23,,connection,,connection,1,1,symbol,,,,14,14,,,,,,,,,,,,,,,,,,,,,,,,C23,D69,Generic,None,Ellipse,12,2point,,,
,,X,1to1,1to1,B6,,connection,,connection,1,1,symbol,,,,14,14,,,,,,,,,,,,,,,,,,,,,,,,B6,C23,Generic,None,Ellipse,12,2point,,,
,,X,1to1,1to1,C24,,connection,,connection,1,1,symbol,,,,14,14,,,,,,,,,,,,,,,,,,,,,,,,C24,D70,Generic,None,Ellipse,12,2point,,,
,,X,1to1,1to1,C24,,connection,,connection,1,1,symbol,,,,14,14,,,,,,,,,,,,,,,,,,,,,,,,C24,D71,Generic,None,Ellipse,12,2point,,,
,,X,1to1,1to1,C24,,connection,,connection,1,1,symbol,,,,14,14,,,,,,,,,,,,,,,,,,,,,,,,C24,D72,Generic,None,Ellipse,12,2point,,,
,,X,1to1,1to1,B6,,connection,,connection,1,1,symbol,,,,14,14,,,,,,,,,,,,,,,,,,,,,,,,B6,C24,Generic,None,Ellipse,12,2point,,,
,,X,1to1,1to1,A,,connection,,connection,1,1,symbol,,,,6,6,,,,,,,,,,,,,,,,,,,,,,,,A,B6,Generic,None,Ellipse,12,2point,,,
,,X,1to1,1to1,C25,,connection,,connection,1,1,symbol,,,,14,14,,,,,,,,,,,,,,,,,,,,,,,,C25,D73,Generic,None,Ellipse,12,2point,,,
,,X,1to1,1to1,C25,,connection,,connection,1,1,symbol,,,,14,14,,,,,,,,,,,,,,,,,,,,,,,,C25,D74,Generic,None,Ellipse,12,2point,,,
,,X,1to1,1to1,C25,,connection,,connection,1,1,symbol,,,,14,14,,,,,,,,,,,,,,,,,,,,,,,,C25,D75,Generic,None,Ellipse,12,2point,,,
,,X,1to1,1to1,B7,,connection,,connection,1,1,symbol,,,,14,14,,,,,,,,,,,,,,,,,,,,,,,,B7,C25,Generic,None,Ellipse,12,2point,,,
,,X,1to1,1to1,C26,,connection,,connection,1,1,symbol,,,,14,14,,,,,,,,,,,,,,,,,,,,,,,,C26,D76,Generic,None,Ellipse,12,2point,,,
,,X,1to1,1to1,C26,,connection,,connection,1,1,symbol,,,,14,14,,,,,,,,,,,,,,,,,,,,,,,,C26,D77,Generic,None,Ellipse,12,2point,,,
,,X,1to1,1to1,C26,,connection,,connection,1,1,symbol,,,,14,14,,,,,,,,,,,,,,,,,,,,,,,,C26,D78,Generic,None,Ellipse,12,2point,,,
,,X,1to1,1to1,B7,,connection,,connection,1,1,symbol,,,,14,14,,,,,,,,,,,,,,,,,,,,,,,,B7,C26,Generic,None,Ellipse,12,2point,,,
,,X,1to1,1to1,C27,,connection,,connection,1,1,symbol,,,,14,14,,,,,,,,,,,,,,,,,,,,,,,,C27,D79,Generic,None,Ellipse,12,2point,,,
,,X,1to1,1to1,C27,,connection,,connection,1,1,symbol,,,,14,14,,,,,,,,,,,,,,,,,,,,,,,,C27,D80,Generic,None,Ellipse,12,2point,,,
,,X,1to1,1to1,C27,,connection,,connection,1,1,symbol,,,,14,14,,,,,,,,,,,,,,,,,,,,,,,,C27,D81,Generic,None,Ellipse,12,2point,,,
,,X,1to1,1to1,B7,,connection,,connection,1,1,symbol,,,,14,14,,,,,,,,,,,,,,,,,,,,,,,,B7,C27,Generic,None,Ellipse,12,2point,,,
,,X,1to1,1to1,C28,,connection,,connection,1,1,symbol,,,,14,14,,,,,,,,,,,,,,,,,,,,,,,,C28,D82,Generic,None,Ellipse,12,2point,,,
,,X,1to1,1to1,C28,,connection,,connection,1,1,symbol,,,,14,14,,,,,,,,,,,,,,,,,,,,,,,,C28,D83,Generic,None,Ellipse,12,2point,,,
,,X,1to1,1to1,C28,,connection,,connection,1,1,symbol,,,,14,14,,,,,,,,,,,,,,,,,,,,,,,,C28,D84,Generic,None,Ellipse,12,2point,,,
,,X,1to1,1to1,B7,,connection,,connection,1,1,symbol,,,,14,14,,,,,,,,,,,,,,,,,,,,,,,,B7,C28,Generic,None,Ellipse,12,2point,,,
,,X,1to1,1to1,A,,connection,,connection,1,1,symbol,,,,6,6,,,,,,,,,,,,,,,,,,,,,,,,A,B7,Generic,None,Ellipse,12,2point,,,
,,X,1to1,1to1,C29,,connection,,connection,1,1,symbol,,,,14,14,,,,,,,,,,,,,,,,,,,,,,,,C29,D85,Generic,None,Ellipse,12,2point,,,
,,X,1to1,1to1,C29,,connection,,connection,1,1,symbol,,,,14,14,,,,,,,,,,,,,,,,,,,,,,,,C29,D86,Generic,None,Ellipse,12,2point,,,
,,X,1to1,1to1,C29,,connection,,connection,1,1,symbol,,,,14,14,,,,,,,,,,,,,,,,,,,,,,,,C29,D87,Generic,None,Ellipse,12,2point,,,
,,X,1to1,1to1,B8,,connection,,connection,1,1,symbol,,,,14,14,,,,,,,,,,,,,,,,,,,,,,,,B8,C29,Generic,None,Ellipse,12,2point,,,
,,X,1to1,1to1,C30,,connection,,connection,1,1,symbol,,,,14,14,,,,,,,,,,,,,,,,,,,,,,,,C30,D88,Generic,None,Ellipse,12,2point,,,
,,X,1to1,1to1,C30,,connection,,connection,1,1,symbol,,,,14,14,,,,,,,,,,,,,,,,,,,,,,,,C30,D89,Generic,None,Ellipse,12,2point,,,
,,X,1to1,1to1,C30,,connection,,connection,1,1,symbol,,,,14,14,,,,,,,,,,,,,,,,,,,,,,,,C30,D90,Generic,None,Ellipse,12,2point,,,
,,X,1to1,1to1,B8,,connection,,connection,1,1,symbol,,,,14,14,,,,,,,,,,,,,,,,,,,,,,,,B8,C30,Generic,None,Ellipse,12,2point,,,
,,X,1to1,1to1,C31,,connection,,connection,1,1,symbol,,,,14,14,,,,,,,,,,,,,,,,,,,,,,,,C31,D91,Generic,None,Ellipse,12,2point,,,
,,X,1to1,1to1,C31,,connection,,connection,1,1,symbol,,,,14,14,,,,,,,,,,,,,,,,,,,,,,,,C31,D92,Generic,None,Ellipse,12,2point,,,
,,X,1to1,1to1,C31,,connection,,connection,1,1,symbol,,,,14,14,,,,,,,,,,,,,,,,,,,,,,,,C31,D93,Generic,None,Ellipse,12,2point,,,
,,X,1to1,1to1,B8,,connection,,connection,1,1,symbol,,,,14,14,,,,,,,,,,,,,,,,,,,,,,,,B8,C31,Generic,None,Ellipse,12,2point,,,
,,X,1to1,1to1,C32,,connection,,connection,1,1,symbol,,,,14,14,,,,,,,,,,,,,,,,,,,,,,,,C32,D94,Generic,None,Ellipse,12,2point,,,
,,X,1to1,1to1,C32,,connection,,connection,1,1,symbol,,,,14,14,,,,,,,,,,,,,,,,,,,,,,,,C32,D95,Generic,None,Ellipse,12,2point,,,
,,X,1to1,1to1,C32,,connection,,connection,1,1,symbol,,,,14,14,,,,,,,,,,,,,,,,,,,,,,,,C32,D96,Generic,None,Ellipse,12,2point,,,
,,X,1to1,1to1,B8,,connection,,connection,1,1,symbol,,,,14,14,,,,,,,,,,,,,,,,,,,,,,,,B8,C32,Generic,None,Ellipse,12,2point,,,
,,X,1to1,1to1,A,,connection,,connection,1,1,symbol,,,,6,6,,,,,,,,,,,,,,,,,,,,,,,,A,B8,Generic,None,Ellipse,12,2point,,,
,,,,,,,,,,,,,,,,,,,,,,,,,,,,,,,,,,,,,,,,,,,,,,,,,,
,,,,,,,,,,,,,,,,,,,,,,,,,,,,,,,,,,,,,,,,,,,,,,,,,,
,,X,A,A,,,Thing,,,1,1,symbol,OpenBox,1000,1000,120,120,1 1000 1000 0 0 0 0 VCThingLabel 48 ,,,,,symbol,ThingAsss,1000,1000,180,180,symbol,ThingAooo,1000,1000,120,120,symbol,ThingAccc,1000,1000,120,120,,,,,,,,,,
1,,X,D1,D1,C1,,Thing,,,1,1,symbol,OpenBox,822.369129488849,525.483610866966,28,28,1 822.369129488849 525.483610866966 0 0 0 0 VCThingLabel 12 ,,,,,symbol,ThingDsss,822.369129488849,525.483610866966,42,42,symbol,ThingDooo,822.369129488849,525.483610866966,28,28,symbol,ThingDccc,822.369129488849,525.483610866966,28,28,,,,,,,,,,
2,,X,D2,D2,C1,,Thing,,,1,1,symbol,OpenBox,845.134362185218,498.828948041972,28,28,1 845.134362185218 498.828948041972 0 0 0 0 VCThingLabel 12 ,,,,,symbol,ThingDsss,845.134362185218,498.828948041972,42,42,symbol,ThingDooo,845.134362185218,498.828948041972,28,28,symbol,ThingDccc,845.134362185218,498.828948041972,28,28,,,,,,,,,,
3,,X,D3,D3,C1,,Thing,,,1,1,symbol,OpenBox,877.967720301055,486.553058466422,28,28,1 877.967720301055 486.553058466422 0 0 0 0 VCThingLabel 12 ,,,,,symbol,ThingDsss,877.967720301055,486.553058466422,42,42,symbol,ThingDooo,877.967720301055,486.553058466422,28,28,symbol,ThingDccc,877.967720301055,486.553058466422,28,28,,,,,,,,,,
1,,X,C1,C1,B1,,Thing,,,1,1,symbol,OpenBox,885.284712729791,556.169591142202,48,48,1 885.284712729791 556.169591142202 0 0 0 0 VCThingLabel 18 ,,,,,symbol,ThingCsss,885.284712729791,556.169591142202,72,72,symbol,ThingCooo,885.284712729791,556.169591142202,48,48,symbol,ThingCccc,885.284712729791,556.169591142202,48,48,,,,,,,,,,
1,,X,D4,D4,C2,,Thing,,,1,1,symbol,OpenBox,913.940479516091,471.035924812469,28,28,1 913.940479516091 471.035924812469 0 0 0 0 VCThingLabel 12 ,,,,,symbol,ThingDsss,913.940479516091,471.035924812469,42,42,symbol,ThingDooo,913.940479516091,471.035924812469,28,28,symbol,ThingDccc,913.940479516091,471.035924812469,28,28,,,,,,,,,,
2,,X,D5,D5,C2,,Thing,,,1,1,symbol,OpenBox,945.40125547035,455.578032123301,28,28,1 945.40125547035 455.578032123301 0 0 0 0 VCThingLabel 12 ,,,,,symbol,ThingDsss,945.40125547035,455.578032123301,42,42,symbol,ThingDooo,945.40125547035,455.578032123301,28,28,symbol,ThingDccc,945.40125547035,455.578032123301,28,28,,,,,,,,,,
3,,X,D6,D6,C2,,Thing,,,1,1,symbol,OpenBox,980.411605206286,457.310741389549,28,28,1 980.411605206286 457.310741389549 0 0 0 0 VCThingLabel 12 ,,,,,symbol,ThingDsss,980.411605206286,457.310741389549,42,42,symbol,ThingDooo,980.411605206286,457.310741389549,28,28,symbol,ThingDccc,980.411605206286,457.310741389549,28,28,,,,,,,,,,
2,,X,C2,C2,B1,,Thing,,,1,1,symbol,OpenBox,959.556485533592,524.13187564689,48,48,1 959.556485533592 524.13187564689 0 0 0 0 VCThingLabel 18 ,,,,,symbol,ThingCsss,959.556485533592,524.13187564689,72,72,symbol,ThingCooo,959.556485533592,524.13187564689,48,48,symbol,ThingCccc,959.556485533592,524.13187564689,48,48,,,,,,,,,,
1,,X,D7,D7,C3,,Thing,,,1,1,symbol,OpenBox,1019.58839479371,457.310741389549,28,28,1 1019.58839479371 457.310741389549 0 0 0 0 VCThingLabel 12 ,,,,,symbol,ThingDsss,1019.58839479371,457.310741389549,42,42,symbol,ThingDooo,1019.58839479371,457.310741389549,28,28,symbol,ThingDccc,1019.58839479371,457.310741389549,28,28,,,,,,,,,,
2,,X,D8,D8,C3,,Thing,,,1,1,symbol,OpenBox,1054.59874452965,455.578032123301,28,28,1 1054.59874452965 455.578032123301 0 0 0 0 VCThingLabel 12 ,,,,,symbol,ThingDsss,1054.59874452965,455.578032123301,42,42,symbol,ThingDooo,1054.59874452965,455.578032123301,28,28,symbol,ThingDccc,1054.59874452965,455.578032123301,28,28,,,,,,,,,,
3,,X,D9,D9,C3,,Thing,,,1,1,symbol,OpenBox,1086.05952048391,471.035924812469,28,28,1 1086.05952048391 471.035924812469 0 0 0 0 VCThingLabel 12 ,,,,,symbol,ThingDsss,1086.05952048391,471.035924812469,42,42,symbol,ThingDooo,1086.05952048391,471.035924812469,28,28,symbol,ThingDccc,1086.05952048391,471.035924812469,28,28,,,,,,,,,,
3,,X,C3,C3,B1,,Thing,,,1,1,symbol,OpenBox,1040.44351446641,524.13187564689,48,48,1 1040.44351446641 524.13187564689 0 0 0 0 VCThingLabel 18 ,,,,,symbol,ThingCsss,1040.44351446641,524.13187564689,72,72,symbol,ThingCooo,1040.44351446641,524.13187564689,48,48,symbol,ThingCccc,1040.44351446641,524.13187564689,48,48,,,,,,,,,,
1,,X,D10,D10,C4,,Thing,,,1,1,symbol,OpenBox,1122.03227969895,486.553058466422,28,28,1 1122.03227969895 486.553058466422 0 0 0 0 VCThingLabel 12 ,,,,,symbol,ThingDsss,1122.03227969895,486.553058466422,42,42,symbol,ThingDooo,1122.03227969895,486.553058466422,28,28,symbol,ThingDccc,1122.03227969895,486.553058466422,28,28,,,,,,,,,,
2,,X,D11,D11,C4,,Thing,,,1,1,symbol,OpenBox,1154.86563781478,498.828948041972,28,28,1 1154.86563781478 498.828948041972 0 0 0 0 VCThingLabel 12 ,,,,,symbol,ThingDsss,1154.86563781478,498.828948041972,42,42,symbol,ThingDooo,1154.86563781478,498.828948041972,28,28,symbol,ThingDccc,1154.86563781478,498.828948041972,28,28,,,,,,,,,,
3,,X,D12,D12,C4,,Thing,,,1,1,symbol,OpenBox,1177.63087051115,525.483610866966,28,28,1 1177.63087051115 525.483610866966 0 0 0 0 VCThingLabel 12 ,,,,,symbol,ThingDsss,1177.63087051115,525.483610866966,42,42,symbol,ThingDooo,1177.63087051115,525.483610866966,28,28,symbol,ThingDccc,1177.63087051115,525.483610866966,28,28,,,,,,,,,,
4,,X,C4,C4,B1,,Thing,,,1,1,symbol,OpenBox,1114.71528727021,556.169591142202,48,48,1 1114.71528727021 556.169591142202 0 0 0 0 VCThingLabel 18 ,,,,,symbol,ThingCsss,1114.71528727021,556.169591142202,72,72,symbol,ThingCooo,1114.71528727021,556.169591142202,48,48,symbol,ThingCccc,1114.71528727021,556.169591142202,48,48,,,,,,,,,,
1,,X,B1,B1,A,,Thing,,,1,1,symbol,OpenBox,1000,720,80,80,1 1000 720 0 0 0 0 VCThingLabel 28 ,,,,,symbol,ThingBsss,1000,720,120,120,symbol,ThingBooo,1000,720,80,80,symbol,ThingBccc,1000,720,80,80,,,,,,,,,,
1,,X,D13,D13,C5,,Thing,,,1,1,symbol,OpenBox,1209.92976345362,538.862250373373,28,28,1 1209.92976345362 538.862250373373 0 0 0 0 VCThingLabel 12 ,,,,,symbol,ThingDsss,1209.92976345362,538.862250373373,42,42,symbol,ThingDooo,1209.92976345362,538.862250373373,28,28,symbol,ThingDccc,1209.92976345362,538.862250373373,28,28,,,,,,,,,,
2,,X,D14,D14,C5,,Thing,,,1,1,symbol,OpenBox,1244.8749067023,536.112007954471,28,28,1 1244.8749067023 536.112007954471 0 0 0 0 VCThingLabel 12 ,,,,,symbol,ThingDsss,1244.8749067023,536.112007954471,42,42,symbol,ThingDooo,1244.8749067023,536.112007954471,28,28,symbol,ThingDccc,1244.8749067023,536.112007954471,28,28,,,,,,,,,,
3,,X,D15,D15,C5,,Thing,,,1,1,symbol,OpenBox,1276.77196163911,550.648333363337,28,28,1 1276.77196163911 550.648333363337 0 0 0 0 VCThingLabel 12 ,,,,,symbol,ThingDsss,1276.77196163911,550.648333363337,42,42,symbol,ThingDooo,1276.77196163911,550.648333363337,28,28,symbol,ThingDccc,1276.77196163911,550.648333363337,28,28,,,,,,,,,,
1,,X,C5,C5,B2,,Thing,,,1,1,symbol,OpenBox,1232.71953426562,605.048550665325,48,48,1 1232.71953426562 605.048550665325 0 0 0 0 VCThingLabel 18 ,,,,,symbol,ThingCsss,1232.71953426562,605.048550665325,72,72,symbol,ThingCooo,1232.71953426562,605.048550665325,48,48,symbol,ThingCccc,1232.71953426562,605.048550665325,48,48,,,,,,,,,,
1,,X,D16,D16,C6,,Thing,,,1,1,symbol,OpenBox,1313.18081404934,565.112644910991,28,28,1 1313.18081404934 565.112644910991 0 0 0 0 VCThingLabel 12 ,,,,,symbol,ThingDsss,1313.18081404934,565.112644910991,42,42,symbol,ThingDooo,1313.18081404934,565.112644910991,28,28,symbol,ThingDccc,1313.18081404934,565.112644910991,28,28,,,,,,,,,,
2,,X,D17,D17,C6,,Thing,,,1,1,symbol,OpenBox,1346.35732281135,576.428392186274,28,28,1 1346.35732281135 576.428392186274 0 0 0 0 VCThingLabel 12 ,,,,,symbol,ThingDsss,1346.35732281135,576.428392186274,42,42,symbol,ThingDooo,1346.35732281135,576.428392186274,28,28,symbol,ThingDccc,1346.35732281135,576.428392186274,28,28,,,,,,,,,,
3,,X,D18,D18,C6,,Thing,,,1,1,symbol,OpenBox,1369.88816804936,602.409658368255,28,28,1 1369.88816804936 602.409658368255 0 0 0 0 VCThingLabel 12 ,,,,,symbol,ThingDsss,1369.88816804936,602.409658368255,42,42,symbol,ThingDooo,1369.88816804936,602.409658368255,28,28,symbol,ThingDccc,1369.88816804936,602.409658368255,28,28,,,,,,,,,,
2,,X,C6,C6,B2,,Thing,,,1,1,symbol,OpenBox,1307.89169434639,634.912538985179,48,48,1 1307.89169434639 634.912538985179 0 0 0 0 VCThingLabel 18 ,,,,,symbol,ThingCsss,1307.89169434639,634.912538985179,72,72,symbol,ThingCooo,1307.89169434639,634.912538985179,48,48,symbol,ThingCccc,1307.89169434639,634.912538985179,48,48,,,,,,,,,,
1,,X,D19,D19,C7,,Thing,,,1,1,symbol,OpenBox,1397.59034163174,630.111831950644,28,28,1 1397.59034163174 630.111831950644 0 0 0 0 VCThingLabel 12 ,,,,,symbol,ThingDsss,1397.59034163174,630.111831950644,42,42,symbol,ThingDooo,1397.59034163174,630.111831950644,28,28,symbol,ThingDccc,1397.59034163174,630.111831950644,28,28,,,,,,,,,,
2,,X,D20,D20,C7,,Thing,,,1,1,symbol,OpenBox,1423.57160781373,653.642677188649,28,28,1 1423.57160781373 653.642677188649 0 0 0 0 VCThingLabel 12 ,,,,,symbol,ThingDsss,1423.57160781373,653.642677188649,42,42,symbol,ThingDooo,1423.57160781373,653.642677188649,28,28,symbol,ThingDccc,1423.57160781373,653.642677188649,28,28,,,,,,,,,,
3,,X,D21,D21,C7,,Thing,,,1,1,symbol,OpenBox,1434.88735508901,686.819185950661,28,28,1 1434.88735508901 686.819185950661 0 0 0 0 VCThingLabel 12 ,,,,,symbol,ThingDsss,1434.88735508901,686.819185950661,42,42,symbol,ThingDooo,1434.88735508901,686.819185950661,28,28,symbol,ThingDccc,1434.88735508901,686.819185950661,28,28,,,,,,,,,,
3,,X,C7,C7,B2,,Thing,,,1,1,symbol,OpenBox,1365.08746101482,692.108305653605,48,48,1 1365.08746101482 692.108305653605 0 0 0 0 VCThingLabel 18 ,,,,,symbol,ThingCsss,1365.08746101482,692.108305653605,72,72,symbol,ThingCooo,1365.08746101482,692.108305653605,48,48,symbol,ThingCccc,1365.08746101482,692.108305653605,48,48,,,,,,,,,,
1,,X,D22,D22,C8,,Thing,,,1,1,symbol,OpenBox,1449.35166663666,723.228038360892,28,28,1 1449.35166663666 723.228038360892 0 0 0 0 VCThingLabel 12 ,,,,,symbol,ThingDsss,1449.35166663666,723.228038360892,42,42,symbol,ThingDooo,1449.35166663666,723.228038360892,28,28,symbol,ThingDccc,1449.35166663666,723.228038360892,28,28,,,,,,,,,,
2,,X,D23,D23,C8,,Thing,,,1,1,symbol,OpenBox,1463.88799204553,755.125093297695,28,28,1 1463.88799204553 755.125093297695 0 0 0 0 VCThingLabel 12 ,,,,,symbol,ThingDsss,1463.88799204553,755.125093297695,42,42,symbol,ThingDooo,1463.88799204553,755.125093297695,28,28,symbol,ThingDccc,1463.88799204553,755.125093297695,28,28,,,,,,,,,,
3,,X,D24,D24,C8,,Thing,,,1,1,symbol,OpenBox,1461.13774962663,790.070236546382,28,28,1 1461.13774962663 790.070236546382 0 0 0 0 VCThingLabel 12 ,,,,,symbol,ThingDsss,1461.13774962663,790.070236546382,42,42,symbol,ThingDooo,1461.13774962663,790.070236546382,28,28,symbol,ThingDccc,1461.13774962663,790.070236546382,28,28,,,,,,,,,,
4,,X,C8,C8,B2,,Thing,,,1,1,symbol,OpenBox,1394.95144933467,767.280465734381,48,48,1 1394.95144933467 767.280465734381 0 0 0 0 VCThingLabel 18 ,,,,,symbol,ThingCsss,1394.95144933467,767.280465734381,72,72,symbol,ThingCooo,1394.95144933467,767.280465734381,48,48,symbol,ThingCccc,1394.95144933467,767.280465734381,48,48,,,,,,,,,,
2,,X,B2,B2,A,,Thing,,,1,1,symbol,OpenBox,1197.98989873223,802.010101267767,80,80,1 1197.98989873223 802.010101267767 0 0 0 0 VCThingLabel 28 ,,,,,symbol,ThingBsss,1197.98989873223,802.010101267767,120,120,symbol,ThingBooo,1197.98989873223,802.010101267767,80,80,symbol,ThingBccc,1197.98989873223,802.010101267767,80,80,,,,,,,,,,
1,,X,D25,D25,C9,,Thing,,,1,1,symbol,OpenBox,1474.51638913303,822.369129488849,28,28,1 1474.51638913303 822.369129488849 0 0 0 0 VCThingLabel 12 ,,,,,symbol,ThingDsss,1474.51638913303,822.369129488849,42,42,symbol,ThingDooo,1474.51638913303,822.369129488849,28,28,symbol,ThingDccc,1474.51638913303,822.369129488849,28,28,,,,,,,,,,
2,,X,D26,D26,C9,,Thing,,,1,1,symbol,OpenBox,1501.17105195803,845.134362185217,28,28,1 1501.17105195803 845.134362185217 0 0 0 0 VCThingLabel 12 ,,,,,symbol,ThingDsss,1501.17105195803,845.134362185217,42,42,symbol,ThingDooo,1501.17105195803,845.134362185217,28,28,symbol,ThingDccc,1501.17105195803,845.134362185217,28,28,,,,,,,,,,
3,,X,D27,D27,C9,,Thing,,,1,1,symbol,OpenBox,1513.44694153358,877.967720301055,28,28,1 1513.44694153358 877.967720301055 0 0 0 0 VCThingLabel 12 ,,,,,symbol,ThingDsss,1513.44694153358,877.967720301055,42,42,symbol,ThingDooo,1513.44694153358,877.967720301055,28,28,symbol,ThingDccc,1513.44694153358,877.967720301055,28,28,,,,,,,,,,
1,,X,C9,C9,B3,,Thing,,,1,1,symbol,OpenBox,1443.8304088578,885.284712729791,48,48,1 1443.8304088578 885.284712729791 0 0 0 0 VCThingLabel 18 ,,,,,symbol,ThingCsss,1443.8304088578,885.284712729791,72,72,symbol,ThingCooo,1443.8304088578,885.284712729791,48,48,symbol,ThingCccc,1443.8304088578,885.284712729791,48,48,,,,,,,,,,
1,,X,D28,D28,C10,,Thing,,,1,1,symbol,OpenBox,1528.96407518753,913.940479516091,28,28,1 1528.96407518753 913.940479516091 0 0 0 0 VCThingLabel 12 ,,,,,symbol,ThingDsss,1528.96407518753,913.940479516091,42,42,symbol,ThingDooo,1528.96407518753,913.940479516091,28,28,symbol,ThingDccc,1528.96407518753,913.940479516091,28,28,,,,,,,,,,
2,,X,D29,D29,C10,,Thing,,,1,1,symbol,OpenBox,1544.4219678767,945.40125547035,28,28,1 1544.4219678767 945.40125547035 0 0 0 0 VCThingLabel 12 ,,,,,symbol,ThingDsss,1544.4219678767,945.40125547035,42,42,symbol,ThingDooo,1544.4219678767,945.40125547035,28,28,symbol,ThingDccc,1544.4219678767,945.40125547035,28,28,,,,,,,,,,
3,,X,D30,D30,C10,,Thing,,,1,1,symbol,OpenBox,1542.68925861045,980.411605206286,28,28,1 1542.68925861045 980.411605206286 0 0 0 0 VCThingLabel 12 ,,,,,symbol,ThingDsss,1542.68925861045,980.411605206286,42,42,symbol,ThingDooo,1542.68925861045,980.411605206286,28,28,symbol,ThingDccc,1542.68925861045,980.411605206286,28,28,,,,,,,,,,
2,,X,C10,C10,B3,,Thing,,,1,1,symbol,OpenBox,1475.86812435311,959.556485533592,48,48,1 1475.86812435311 959.556485533592 0 0 0 0 VCThingLabel 18 ,,,,,symbol,ThingCsss,1475.86812435311,959.556485533592,72,72,symbol,ThingCooo,1475.86812435311,959.556485533592,48,48,symbol,ThingCccc,1475.86812435311,959.556485533592,48,48,,,,,,,,,,
1,,X,D31,D31,C11,,Thing,,,1,1,symbol,OpenBox,1542.68925861045,1019.58839479371,28,28,1 1542.68925861045 1019.58839479371 0 0 0 0 VCThingLabel 12 ,,,,,symbol,ThingDsss,1542.68925861045,1019.58839479371,42,42,symbol,ThingDooo,1542.68925861045,1019.58839479371,28,28,symbol,ThingDccc,1542.68925861045,1019.58839479371,28,28,,,,,,,,,,
2,,X,D32,D32,C11,,Thing,,,1,1,symbol,OpenBox,1544.4219678767,1054.59874452965,28,28,1 1544.4219678767 1054.59874452965 0 0 0 0 VCThingLabel 12 ,,,,,symbol,ThingDsss,1544.4219678767,1054.59874452965,42,42,symbol,ThingDooo,1544.4219678767,1054.59874452965,28,28,symbol,ThingDccc,1544.4219678767,1054.59874452965,28,28,,,,,,,,,,
3,,X,D33,D33,C11,,Thing,,,1,1,symbol,OpenBox,1528.96407518753,1086.05952048391,28,28,1 1528.96407518753 1086.05952048391 0 0 0 0 VCThingLabel 12 ,,,,,symbol,ThingDsss,1528.96407518753,1086.05952048391,42,42,symbol,ThingDooo,1528.96407518753,1086.05952048391,28,28,symbol,ThingDccc,1528.96407518753,1086.05952048391,28,28,,,,,,,,,,
3,,X,C11,C11,B3,,Thing,,,1,1,symbol,OpenBox,1475.86812435311,1040.44351446641,48,48,1 1475.86812435311 1040.44351446641 0 0 0 0 VCThingLabel 18 ,,,,,symbol,ThingCsss,1475.86812435311,1040.44351446641,72,72,symbol,ThingCooo,1475.86812435311,1040.44351446641,48,48,symbol,ThingCccc,1475.86812435311,1040.44351446641,48,48,,,,,,,,,,
1,,X,D34,D34,C12,,Thing,,,1,1,symbol,OpenBox,1513.44694153358,1122.03227969895,28,28,1 1513.44694153358 1122.03227969895 0 0 0 0 VCThingLabel 12 ,,,,,symbol,ThingDsss,1513.44694153358,1122.03227969895,42,42,symbol,ThingDooo,1513.44694153358,1122.03227969895,28,28,symbol,ThingDccc,1513.44694153358,1122.03227969895,28,28,,,,,,,,,,
2,,X,D35,D35,C12,,Thing,,,1,1,symbol,OpenBox,1501.17105195803,1154.86563781478,28,28,1 1501.17105195803 1154.86563781478 0 0 0 0 VCThingLabel 12 ,,,,,symbol,ThingDsss,1501.17105195803,1154.86563781478,42,42,symbol,ThingDooo,1501.17105195803,1154.86563781478,28,28,symbol,ThingDccc,1501.17105195803,1154.86563781478,28,28,,,,,,,,,,
3,,X,D36,D36,C12,,Thing,,,1,1,symbol,OpenBox,1474.51638913303,1177.63087051115,28,28,1 1474.51638913303 1177.63087051115 0 0 0 0 VCThingLabel 12 ,,,,,symbol,ThingDsss,1474.51638913303,1177.63087051115,42,42,symbol,ThingDooo,1474.51638913303,1177.63087051115,28,28,symbol,ThingDccc,1474.51638913303,1177.63087051115,28,28,,,,,,,,,,
4,,X,C12,C12,B3,,Thing,,,1,1,symbol,OpenBox,1443.8304088578,1114.71528727021,48,48,1 1443.8304088578 1114.71528727021 0 0 0 0 VCThingLabel 18 ,,,,,symbol,ThingCsss,1443.8304088578,1114.71528727021,72,72,symbol,ThingCooo,1443.8304088578,1114.71528727021,48,48,symbol,ThingCccc,1443.8304088578,1114.71528727021,48,48,,,,,,,,,,
3,,X,B3,B3,A,,Thing,,,1,1,symbol,OpenBox,1280,1000,80,80,1 1280 1000 0 0 0 0 VCThingLabel 28 ,,,,,symbol,ThingBsss,1280,1000,120,120,symbol,ThingBooo,1280,1000,80,80,symbol,ThingBccc,1280,1000,80,80,,,,,,,,,,
1,,X,D37,D37,C13,xxx,Thing,,,1,1,symbol,OpenBox,1461.13774962663,1209.92976345362,28,28,1 1461.13774962663 1209.92976345362 0 0 0 0 VCThingLabel 12 ,,,,,symbol,ThingDsss,1461.13774962663,1209.92976345362,42,42,symbol,ThingDooo,1461.13774962663,1209.92976345362,28,28,symbol,ThingDccc,1461.13774962663,1209.92976345362,28,28,,,,,,,,,,
2,,X,D38,D38,C13,xxx,Thing,,,1,1,symbol,OpenBox,1463.88799204553,1244.8749067023,28,28,1 1463.88799204553 1244.8749067023 0 0 0 0 VCThingLabel 12 ,,,,,symbol,ThingDsss,1463.88799204553,1244.8749067023,42,42,symbol,ThingDooo,1463.88799204553,1244.8749067023,28,28,symbol,ThingDccc,1463.88799204553,1244.8749067023,28,28,,,,,,,,,,
3,,X,D39,D39,C13,xxx,Thing,,,1,1,symbol,OpenBox,1449.35166663666,1276.77196163911,28,28,1 1449.35166663666 1276.77196163911 0 0 0 0 VCThingLabel 12 ,,,,,symbol,ThingDsss,1449.35166663666,1276.77196163911,42,42,symbol,ThingDooo,1449.35166663666,1276.77196163911,28,28,symbol,ThingDccc,1449.35166663666,1276.77196163911,28,28,,,,,,,,,,
1,,X,C13,C13,B4,xxx,Thing,,,1,1,symbol,OpenBox,1394.95144933467,1232.71953426562,48,48,1 1394.95144933467 1232.71953426562 0 0 0 0 VCThingLabel 18 ,,,,,symbol,ThingCsss,1394.95144933467,1232.71953426562,72,72,symbol,ThingCooo,1394.95144933467,1232.71953426562,48,48,symbol,ThingCccc,1394.95144933467,1232.71953426562,48,48,,,,,,,,,,
1,,X,D40,D40,C14,xxx,Thing,,,1,1,symbol,OpenBox,1434.88735508901,1313.18081404934,28,28,1 1434.88735508901 1313.18081404934 0 0 0 0 VCThingLabel 12 ,,,,,symbol,ThingDsss,1434.88735508901,1313.18081404934,42,42,symbol,ThingDooo,1434.88735508901,1313.18081404934,28,28,symbol,ThingDccc,1434.88735508901,1313.18081404934,28,28,,,,,,,,,,
2,,X,D41,D41,C14,xxx,Thing,,,1,1,symbol,OpenBox,1423.57160781373,1346.35732281135,28,28,1 1423.57160781373 1346.35732281135 0 0 0 0 VCThingLabel 12 ,,,,,symbol,ThingDsss,1423.57160781373,1346.35732281135,42,42,symbol,ThingDooo,1423.57160781373,1346.35732281135,28,28,symbol,ThingDccc,1423.57160781373,1346.35732281135,28,28,,,,,,,,,,
3,,X,D42,D42,C14,xxx,Thing,,,1,1,symbol,OpenBox,1397.59034163174,1369.88816804936,28,28,1 1397.59034163174 1369.88816804936 0 0 0 0 VCThingLabel 12 ,,,,,symbol,ThingDsss,1397.59034163174,1369.88816804936,42,42,symbol,ThingDooo,1397.59034163174,1369.88816804936,28,28,symbol,ThingDccc,1397.59034163174,1369.88816804936,28,28,,,,,,,,,,
2,,X,C14,C14,B4,xxx,Thing,,,1,1,symbol,OpenBox,1365.08746101482,1307.89169434639,48,48,1 1365.08746101482 1307.89169434639 0 0 0 0 VCThingLabel 18 ,,,,,symbol,ThingCsss,1365.08746101482,1307.89169434639,72,72,symbol,ThingCooo,1365.08746101482,1307.89169434639,48,48,symbol,ThingCccc,1365.08746101482,1307.89169434639,48,48,,,,,,,,,,
1,,X,D43,D43,C15,xxx,Thing,,,1,1,symbol,OpenBox,1369.88816804936,1397.59034163174,28,28,1 1369.88816804936 1397.59034163174 0 0 0 0 VCThingLabel 12 ,,,,,symbol,ThingDsss,1369.88816804936,1397.59034163174,42,42,symbol,ThingDooo,1369.88816804936,1397.59034163174,28,28,symbol,ThingDccc,1369.88816804936,1397.59034163174,28,28,,,,,,,,,,
2,,X,D44,D44,C15,xxx,Thing,,,1,1,symbol,OpenBox,1346.35732281135,1423.57160781373,28,28,1 1346.35732281135 1423.57160781373 0 0 0 0 VCThingLabel 12 ,,,,,symbol,ThingDsss,1346.35732281135,1423.57160781373,42,42,symbol,ThingDooo,1346.35732281135,1423.57160781373,28,28,symbol,ThingDccc,1346.35732281135,1423.57160781373,28,28,,,,,,,,,,
3,,X,D45,D45,C15,xxx,Thing,,,1,1,symbol,OpenBox,1313.18081404934,1434.88735508901,28,28,1 1313.18081404934 1434.88735508901 0 0 0 0 VCThingLabel 12 ,,,,,symbol,ThingDsss,1313.18081404934,1434.88735508901,42,42,symbol,ThingDooo,1313.18081404934,1434.88735508901,28,28,symbol,ThingDccc,1313.18081404934,1434.88735508901,28,28,,,,,,,,,,
3,,X,C15,C15,B4,xxx,Thing,,,1,1,symbol,OpenBox,1307.89169434639,1365.08746101482,48,48,1 1307.89169434639 1365.08746101482 0 0 0 0 VCThingLabel 18 ,,,,,symbol,ThingCsss,1307.89169434639,1365.08746101482,72,72,symbol,ThingCooo,1307.89169434639,1365.08746101482,48,48,symbol,ThingCccc,1307.89169434639,1365.08746101482,48,48,,,,,,,,,,
1,,X,D46,D46,C16,xxx,Thing,,,1,1,symbol,OpenBox,1276.77196163911,1449.35166663666,28,28,1 1276.77196163911 1449.35166663666 0 0 0 0 VCThingLabel 12 ,,,,,symbol,ThingDsss,1276.77196163911,1449.35166663666,42,42,symbol,ThingDooo,1276.77196163911,1449.35166663666,28,28,symbol,ThingDccc,1276.77196163911,1449.35166663666,28,28,,,,,,,,,,
2,,X,D47,D47,C16,xxx,Thing,,,1,1,symbol,OpenBox,1244.8749067023,1463.88799204553,28,28,1 1244.8749067023 1463.88799204553 0 0 0 0 VCThingLabel 12 ,,,,,symbol,ThingDsss,1244.8749067023,1463.88799204553,42,42,symbol,ThingDooo,1244.8749067023,1463.88799204553,28,28,symbol,ThingDccc,1244.8749067023,1463.88799204553,28,28,,,,,,,,,,
3,,X,D48,D48,C16,xxx,Thing,,,1,1,symbol,OpenBox,1209.92976345362,1461.13774962663,28,28,1 1209.92976345362 1461.13774962663 0 0 0 0 VCThingLabel 12 ,,,,,symbol,ThingDsss,1209.92976345362,1461.13774962663,42,42,symbol,ThingDooo,1209.92976345362,1461.13774962663,28,28,symbol,ThingDccc,1209.92976345362,1461.13774962663,28,28,,,,,,,,,,
4,,X,C16,C16,B4,xxx,Thing,,,1,1,symbol,OpenBox,1232.71953426562,1394.95144933467,48,48,1 1232.71953426562 1394.95144933467 0 0 0 0 VCThingLabel 18 ,,,,,symbol,ThingCsss,1232.71953426562,1394.95144933467,72,72,symbol,ThingCooo,1232.71953426562,1394.95144933467,48,48,symbol,ThingCccc,1232.71953426562,1394.95144933467,48,48,,,,,,,,,,
4,,X,B4,B4,A,,Thing,,,1,1,symbol,OpenBox,1197.98989873223,1197.98989873223,80,80,1 1197.98989873223 1197.98989873223 0 0 0 0 VCThingLabel 28 ,,,,,symbol,ThingBsss,1197.98989873223,1197.98989873223,120,120,symbol,ThingBooo,1197.98989873223,1197.98989873223,80,80,symbol,ThingBccc,1197.98989873223,1197.98989873223,80,80,,,,,,,,,,
1,,X,D49,D49,C17,,Thing,,,1,1,symbol,OpenBox,1177.63087051115,1474.51638913303,28,28,1 1177.63087051115 1474.51638913303 0 0 0 0 VCThingLabel 12 ,,,,,symbol,ThingDsss,1177.63087051115,1474.51638913303,42,42,symbol,ThingDooo,1177.63087051115,1474.51638913303,28,28,symbol,ThingDccc,1177.63087051115,1474.51638913303,28,28,,,,,,,,,,
2,,X,D50,D50,C17,,Thing,,,1,1,symbol,OpenBox,1154.86563781478,1501.17105195803,28,28,1 1154.86563781478 1501.17105195803 0 0 0 0 VCThingLabel 12 ,,,,,symbol,ThingDsss,1154.86563781478,1501.17105195803,42,42,symbol,ThingDooo,1154.86563781478,1501.17105195803,28,28,symbol,ThingDccc,1154.86563781478,1501.17105195803,28,28,,,,,,,,,,
3,,X,D51,D51,C17,,Thing,,,1,1,symbol,OpenBox,1122.03227969895,1513.44694153358,28,28,1 1122.03227969895 1513.44694153358 0 0 0 0 VCThingLabel 12 ,,,,,symbol,ThingDsss,1122.03227969895,1513.44694153358,42,42,symbol,ThingDooo,1122.03227969895,1513.44694153358,28,28,symbol,ThingDccc,1122.03227969895,1513.44694153358,28,28,,,,,,,,,,
1,,X,C17,C17,B5,,Thing,,,1,1,symbol,OpenBox,1114.71528727021,1443.8304088578,48,48,1 1114.71528727021 1443.8304088578 0 0 0 0 VCThingLabel 18 ,,,,,symbol,ThingCsss,1114.71528727021,1443.8304088578,72,72,symbol,ThingCooo,1114.71528727021,1443.8304088578,48,48,symbol,ThingCccc,1114.71528727021,1443.8304088578,48,48,,,,,,,,,,
1,,X,D52,D52,C18,,Thing,,,1,1,symbol,OpenBox,1086.05952048391,1528.96407518753,28,28,1 1086.05952048391 1528.96407518753 0 0 0 0 VCThingLabel 12 ,,,,,symbol,ThingDsss,1086.05952048391,1528.96407518753,42,42,symbol,ThingDooo,1086.05952048391,1528.96407518753,28,28,symbol,ThingDccc,1086.05952048391,1528.96407518753,28,28,,,,,,,,,,
2,,X,D53,D53,C18,,Thing,,,1,1,symbol,OpenBox,1054.59874452965,1544.4219678767,28,28,1 1054.59874452965 1544.4219678767 0 0 0 0 VCThingLabel 12 ,,,,,symbol,ThingDsss,1054.59874452965,1544.4219678767,42,42,symbol,ThingDooo,1054.59874452965,1544.4219678767,28,28,symbol,ThingDccc,1054.59874452965,1544.4219678767,28,28,,,,,,,,,,
3,,X,D54,D54,C18,,Thing,,,1,1,symbol,OpenBox,1019.58839479371,1542.68925861045,28,28,1 1019.58839479371 1542.68925861045 0 0 0 0 VCThingLabel 12 ,,,,,symbol,ThingDsss,1019.58839479371,1542.68925861045,42,42,symbol,ThingDooo,1019.58839479371,1542.68925861045,28,28,symbol,ThingDccc,1019.58839479371,1542.68925861045,28,28,,,,,,,,,,
2,,X,C18,C18,B5,,Thing,,,1,1,symbol,OpenBox,1040.44351446641,1475.86812435311,48,48,1 1040.44351446641 1475.86812435311 0 0 0 0 VCThingLabel 18 ,,,,,symbol,ThingCsss,1040.44351446641,1475.86812435311,72,72,symbol,ThingCooo,1040.44351446641,1475.86812435311,48,48,symbol,ThingCccc,1040.44351446641,1475.86812435311,48,48,,,,,,,,,,
1,,X,D55,D55,C19,,Thing,,,1,1,symbol,OpenBox,980.411605206286,1542.68925861045,28,28,1 980.411605206286 1542.68925861045 0 0 0 0 VCThingLabel 12 ,,,,,symbol,ThingDsss,980.411605206286,1542.68925861045,42,42,symbol,ThingDooo,980.411605206286,1542.68925861045,28,28,symbol,ThingDccc,980.411605206286,1542.68925861045,28,28,,,,,,,,,,
2,,X,D56,D56,C19,,Thing,,,1,1,symbol,OpenBox,945.40125547035,1544.4219678767,28,28,1 945.40125547035 1544.4219678767 0 0 0 0 VCThingLabel 12 ,,,,,symbol,ThingDsss,945.40125547035,1544.4219678767,42,42,symbol,ThingDooo,945.40125547035,1544.4219678767,28,28,symbol,ThingDccc,945.40125547035,1544.4219678767,28,28,,,,,,,,,,
3,,X,D57,D57,C19,,Thing,,,1,1,symbol,OpenBox,913.940479516091,1528.96407518753,28,28,1 913.940479516091 1528.96407518753 0 0 0 0 VCThingLabel 12 ,,,,,symbol,ThingDsss,913.940479516091,1528.96407518753,42,42,symbol,ThingDooo,913.940479516091,1528.96407518753,28,28,symbol,ThingDccc,913.940479516091,1528.96407518753,28,28,,,,,,,,,,
3,,X,C19,C19,B5,,Thing,,,1,1,symbol,OpenBox,959.556485533592,1475.86812435311,48,48,1 959.556485533592 1475.86812435311 0 0 0 0 VCThingLabel 18 ,,,,,symbol,ThingCsss,959.556485533592,1475.86812435311,72,72,symbol,ThingCooo,959.556485533592,1475.86812435311,48,48,symbol,ThingCccc,959.556485533592,1475.86812435311,48,48,,,,,,,,,,
1,,X,D58,D58,C20,uno,Thing,,,1,1,symbol,OpenBox,877.967720301055,1513.44694153358,28,28,1 877.967720301055 1513.44694153358 0 0 0 0 VCThingLabel 12 ,,,,,symbol,ThingDsss,877.967720301055,1513.44694153358,42,42,symbol,ThingDooo,877.967720301055,1513.44694153358,28,28,symbol,ThingDccc,877.967720301055,1513.44694153358,28,28,,,,,,,,,,
2,,X,D59,D59,C20,uno,Thing,,,1,1,symbol,OpenBox,845.134362185217,1501.17105195803,28,28,1 845.134362185217 1501.17105195803 0 0 0 0 VCThingLabel 12 ,,,,,symbol,ThingDsss,845.134362185217,1501.17105195803,42,42,symbol,ThingDooo,845.134362185217,1501.17105195803,28,28,symbol,ThingDccc,845.134362185217,1501.17105195803,28,28,,,,,,,,,,
3,,X,D60,D60,C20,uno,Thing,,,1,1,symbol,OpenBox,822.369129488849,1474.51638913303,28,28,1 822.369129488849 1474.51638913303 0 0 0 0 VCThingLabel 12 ,,,,,symbol,ThingDsss,822.369129488849,1474.51638913303,42,42,symbol,ThingDooo,822.369129488849,1474.51638913303,28,28,symbol,ThingDccc,822.369129488849,1474.51638913303,28,28,,,,,,,,,,
4,,X,C20,C20,B5,uno,Thing,,,1,1,symbol,OpenBox,885.284712729791,1443.8304088578,48,48,1 885.284712729791 1443.8304088578 0 0 0 0 VCThingLabel 18 ,,,,,symbol,ThingCsss,885.284712729791,1443.8304088578,72,72,symbol,ThingCooo,885.284712729791,1443.8304088578,48,48,symbol,ThingCccc,885.284712729791,1443.8304088578,48,48,,,,,,,,,,
5,,X,B5,B5,A,uno,Thing,,,1,1,symbol,OpenBox,1000,1280,80,80,1 1000 1280 0 0 0 0 VCThingLabel 28 ,,,,,symbol,ThingBsss,1000,1280,120,120,symbol,ThingBooo,1000,1280,80,80,symbol,ThingBccc,1000,1280,80,80,,,,,,,,,,
1,,X,D61,D61,C21,uno,Thing,,,1,1,symbol,OpenBox,790.070236546382,1461.13774962663,28,28,1 790.070236546382 1461.13774962663 0 0 0 0 VCThingLabel 12 ,,,,,symbol,ThingDsss,790.070236546382,1461.13774962663,42,42,symbol,ThingDooo,790.070236546382,1461.13774962663,28,28,symbol,ThingDccc,790.070236546382,1461.13774962663,28,28,,,,,,,,,,
2,,X,D62,D62,C21,uno,Thing,,,1,1,symbol,OpenBox,755.125093297696,1463.88799204553,28,28,1 755.125093297696 1463.88799204553 0 0 0 0 VCThingLabel 12 ,,,,,symbol,ThingDsss,755.125093297696,1463.88799204553,42,42,symbol,ThingDooo,755.125093297696,1463.88799204553,28,28,symbol,ThingDccc,755.125093297696,1463.88799204553,28,28,,,,,,,,,,
3,,X,D63,D63,C21,uno,Thing,,,1,1,symbol,OpenBox,723.228038360892,1449.35166663666,28,28,1 723.228038360892 1449.35166663666 0 0 0 0 VCThingLabel 12 ,,,,,symbol,ThingDsss,723.228038360892,1449.35166663666,42,42,symbol,ThingDooo,723.228038360892,1449.35166663666,28,28,symbol,ThingDccc,723.228038360892,1449.35166663666,28,28,,,,,,,,,,
1,,X,C21,C21,B6,uno,Thing,,,1,1,symbol,OpenBox,767.280465734381,1394.95144933467,48,48,1 767.280465734381 1394.95144933467 0 0 0 0 VCThingLabel 18 ,,,,,symbol,ThingCsss,767.280465734381,1394.95144933467,72,72,symbol,ThingCooo,767.280465734381,1394.95144933467,48,48,symbol,ThingCccc,767.280465734381,1394.95144933467,48,48,,,,,,,,,,
1,,X,D64,D64,C22,uno,Thing,,,1,1,symbol,OpenBox,686.819185950661,1434.88735508901,28,28,1 686.819185950661 1434.88735508901 0 0 0 0 VCThingLabel 12 ,,,,,symbol,ThingDsss,686.819185950661,1434.88735508901,42,42,symbol,ThingDooo,686.819185950661,1434.88735508901,28,28,symbol,ThingDccc,686.819185950661,1434.88735508901,28,28,,,,,,,,,,
2,,X,D65,D65,C22,uno,Thing,,,1,1,symbol,OpenBox,653.642677188649,1423.57160781373,28,28,1 653.642677188649 1423.57160781373 0 0 0 0 VCThingLabel 12 ,,,,,symbol,ThingDsss,653.642677188649,1423.57160781373,42,42,symbol,ThingDooo,653.642677188649,1423.57160781373,28,28,symbol,ThingDccc,653.642677188649,1423.57160781373,28,28,,,,,,,,,,
3,,X,D66,D66,C22,uno,Thing,,,1,1,symbol,OpenBox,630.111831950644,1397.59034163174,28,28,1 630.111831950644 1397.59034163174 0 0 0 0 VCThingLabel 12 ,,,,,symbol,ThingDsss,630.111831950644,1397.59034163174,42,42,symbol,ThingDooo,630.111831950644,1397.59034163174,28,28,symbol,ThingDccc,630.111831950644,1397.59034163174,28,28,,,,,,,,,,
2,,X,C22,C22,B6,,Thing,,,1,1,symbol,OpenBox,692.108305653605,1365.08746101482,48,48,1 692.108305653605 1365.08746101482 0 0 0 0 VCThingLabel 18 ,,,,,symbol,ThingCsss,692.108305653605,1365.08746101482,72,72,symbol,ThingCooo,692.108305653605,1365.08746101482,48,48,symbol,ThingCccc,692.108305653605,1365.08746101482,48,48,,,,,,,,,,
1,,X,D67,D67,C23,,Thing,,,1,1,symbol,OpenBox,602.409658368255,1369.88816804936,28,28,1 602.409658368255 1369.88816804936 0 0 0 0 VCThingLabel 12 ,,,,,symbol,ThingDsss,602.409658368255,1369.88816804936,42,42,symbol,ThingDooo,602.409658368255,1369.88816804936,28,28,symbol,ThingDccc,602.409658368255,1369.88816804936,28,28,,,,,,,,,,
2,,X,D68,D68,C23,,Thing,,,1,1,symbol,OpenBox,576.428392186274,1346.35732281135,28,28,1 576.428392186274 1346.35732281135 0 0 0 0 VCThingLabel 12 ,,,,,symbol,ThingDsss,576.428392186274,1346.35732281135,42,42,symbol,ThingDooo,576.428392186274,1346.35732281135,28,28,symbol,ThingDccc,576.428392186274,1346.35732281135,28,28,,,,,,,,,,
3,,X,D69,D69,C23,,Thing,,,1,1,symbol,OpenBox,565.112644910991,1313.18081404934,28,28,1 565.112644910991 1313.18081404934 0 0 0 0 VCThingLabel 12 ,,,,,symbol,ThingDsss,565.112644910991,1313.18081404934,42,42,symbol,ThingDooo,565.112644910991,1313.18081404934,28,28,symbol,ThingDccc,565.112644910991,1313.18081404934,28,28,,,,,,,,,,
3,,X,C23,C23,B6,,Thing,,,1,1,symbol,OpenBox,634.912538985179,1307.89169434639,48,48,1 634.912538985179 1307.89169434639 0 0 0 0 VCThingLabel 18 ,,,,,symbol,ThingCsss,634.912538985179,1307.89169434639,72,72,symbol,ThingCooo,634.912538985179,1307.89169434639,48,48,symbol,ThingCccc,634.912538985179,1307.89169434639,48,48,,,,,,,,,,
1,,X,D70,D70,C24,,Thing,,,1,1,symbol,OpenBox,550.648333363337,1276.77196163911,28,28,1 550.648333363337 1276.77196163911 0 0 0 0 VCThingLabel 12 ,,,,,symbol,ThingDsss,550.648333363337,1276.77196163911,42,42,symbol,ThingDooo,550.648333363337,1276.77196163911,28,28,symbol,ThingDccc,550.648333363337,1276.77196163911,28,28,,,,,,,,,,
2,,X,D71,D71,C24,,Thing,,,1,1,symbol,OpenBox,536.112007954471,1244.8749067023,28,28,1 536.112007954471 1244.8749067023 0 0 0 0 VCThingLabel 12 ,,,,,symbol,ThingDsss,536.112007954471,1244.8749067023,42,42,symbol,ThingDooo,536.112007954471,1244.8749067023,28,28,symbol,ThingDccc,536.112007954471,1244.8749067023,28,28,,,,,,,,,,
3,,X,D72,D72,C24,,Thing,,,1,1,symbol,OpenBox,538.862250373373,1209.92976345362,28,28,1 538.862250373373 1209.92976345362 0 0 0 0 VCThingLabel 12 ,,,,,symbol,ThingDsss,538.862250373373,1209.92976345362,42,42,symbol,ThingDooo,538.862250373373,1209.92976345362,28,28,symbol,ThingDccc,538.862250373373,1209.92976345362,28,28,,,,,,,,,,
4,,X,C24,C24,B6,,Thing,,,1,1,symbol,OpenBox,605.048550665325,1232.71953426562,48,48,1 605.048550665325 1232.71953426562 0 0 0 0 VCThingLabel 18 ,,,,,symbol,ThingCsss,605.048550665325,1232.71953426562,72,72,symbol,ThingCooo,605.048550665325,1232.71953426562,48,48,symbol,ThingCccc,605.048550665325,1232.71953426562,48,48,,,,,,,,,,
6,,X,B6,B6,A,,Thing,,,1,1,symbol,OpenBox,802.010101267767,1197.98989873223,80,80,1 802.010101267767 1197.98989873223 0 0 0 0 VCThingLabel 28 ,,,,,symbol,ThingBsss,802.010101267767,1197.98989873223,120,120,symbol,ThingBooo,802.010101267767,1197.98989873223,80,80,symbol,ThingBccc,802.010101267767,1197.98989873223,80,80,,,,,,,,,,
1,,X,D73,D73,C25,,Thing,,,1,1,symbol,OpenBox,525.483610866966,1177.63087051115,28,28,1 525.483610866966 1177.63087051115 0 0 0 0 VCThingLabel 12 ,,,,,symbol,ThingDsss,525.483610866966,1177.63087051115,42,42,symbol,ThingDooo,525.483610866966,1177.63087051115,28,28,symbol,ThingDccc,525.483610866966,1177.63087051115,28,28,,,,,,,,,,
2,,X,D74,D74,C25,,Thing,,,1,1,symbol,OpenBox,498.828948041972,1154.86563781478,28,28,1 498.828948041972 1154.86563781478 0 0 0 0 VCThingLabel 12 ,,,,,symbol,ThingDsss,498.828948041972,1154.86563781478,42,42,symbol,ThingDooo,498.828948041972,1154.86563781478,28,28,symbol,ThingDccc,498.828948041972,1154.86563781478,28,28,,,,,,,,,,
3,,X,D75,D75,C25,,Thing,,,1,1,symbol,OpenBox,486.553058466422,1122.03227969895,28,28,1 486.553058466422 1122.03227969895 0 0 0 0 VCThingLabel 12 ,,,,,symbol,ThingDsss,486.553058466422,1122.03227969895,42,42,symbol,ThingDooo,486.553058466422,1122.03227969895,28,28,symbol,ThingDccc,486.553058466422,1122.03227969895,28,28,,,,,,,,,,
1,,X,C25,C25,B7,,Thing,,,1,1,symbol,OpenBox,556.169591142202,1114.71528727021,48,48,1 556.169591142202 1114.71528727021 0 0 0 0 VCThingLabel 18 ,,,,,symbol,ThingCsss,556.169591142202,1114.71528727021,72,72,symbol,ThingCooo,556.169591142202,1114.71528727021,48,48,symbol,ThingCccc,556.169591142202,1114.71528727021,48,48,,,,,,,,,,
1,,X,D76,D76,C26,,Thing,,,1,1,symbol,OpenBox,471.035924812469,1086.05952048391,28,28,1 471.035924812469 1086.05952048391 0 0 0 0 VCThingLabel 12 ,,,,,symbol,ThingDsss,471.035924812469,1086.05952048391,42,42,symbol,ThingDooo,471.035924812469,1086.05952048391,28,28,symbol,ThingDccc,471.035924812469,1086.05952048391,28,28,,,,,,,,,,
2,,X,D77,D77,C26,,Thing,,,1,1,symbol,OpenBox,455.578032123301,1054.59874452965,28,28,1 455.578032123301 1054.59874452965 0 0 0 0 VCThingLabel 12 ,,,,,symbol,ThingDsss,455.578032123301,1054.59874452965,42,42,symbol,ThingDooo,455.578032123301,1054.59874452965,28,28,symbol,ThingDccc,455.578032123301,1054.59874452965,28,28,,,,,,,,,,
3,,X,D78,D78,C26,,Thing,,,1,1,symbol,OpenBox,457.310741389549,1019.58839479371,28,28,1 457.310741389549 1019.58839479371 0 0 0 0 VCThingLabel 12 ,,,,,symbol,ThingDsss,457.310741389549,1019.58839479371,42,42,symbol,ThingDooo,457.310741389549,1019.58839479371,28,28,symbol,ThingDccc,457.310741389549,1019.58839479371,28,28,,,,,,,,,,
2,,X,C26,C26,B7,,Thing,,,1,1,symbol,OpenBox,524.13187564689,1040.44351446641,48,48,1 524.13187564689 1040.44351446641 0 0 0 0 VCThingLabel 18 ,,,,,symbol,ThingCsss,524.13187564689,1040.44351446641,72,72,symbol,ThingCooo,524.13187564689,1040.44351446641,48,48,symbol,ThingCccc,524.13187564689,1040.44351446641,48,48,,,,,,,,,,
1,,X,D79,D79,C27,,Thing,,,1,1,symbol,OpenBox,457.310741389549,980.411605206286,28,28,1 457.310741389549 980.411605206286 0 0 0 0 VCThingLabel 12 ,,,,,symbol,ThingDsss,457.310741389549,980.411605206286,42,42,symbol,ThingDooo,457.310741389549,980.411605206286,28,28,symbol,ThingDccc,457.310741389549,980.411605206286,28,28,,,,,,,,,,
2,,X,D80,D80,C27,,Thing,,,1,1,symbol,OpenBox,455.578032123301,945.40125547035,28,28,1 455.578032123301 945.40125547035 0 0 0 0 VCThingLabel 12 ,,,,,symbol,ThingDsss,455.578032123301,945.40125547035,42,42,symbol,ThingDooo,455.578032123301,945.40125547035,28,28,symbol,ThingDccc,455.578032123301,945.40125547035,28,28,,,,,,,,,,
3,,X,D81,D81,C27,,Thing,,,1,1,symbol,OpenBox,471.035924812469,913.940479516091,28,28,1 471.035924812469 913.940479516091 0 0 0 0 VCThingLabel 12 ,,,,,symbol,ThingDsss,471.035924812469,913.940479516091,42,42,symbol,ThingDooo,471.035924812469,913.940479516091,28,28,symbol,ThingDccc,471.035924812469,913.940479516091,28,28,,,,,,,,,,
3,,X,C27,C27,B7,,Thing,,,1,1,symbol,OpenBox,524.13187564689,959.556485533592,48,48,1 524.13187564689 959.556485533592 0 0 0 0 VCThingLabel 18 ,,,,,symbol,ThingCsss,524.13187564689,959.556485533592,72,72,symbol,ThingCooo,524.13187564689,959.556485533592,48,48,symbol,ThingCccc,524.13187564689,959.556485533592,48,48,,,,,,,,,,
1,,X,D82,D82,C28,,Thing,,,1,1,symbol,OpenBox,486.553058466422,877.967720301055,28,28,1 486.553058466422 877.967720301055 0 0 0 0 VCThingLabel 12 ,,,,,symbol,ThingDsss,486.553058466422,877.967720301055,42,42,symbol,ThingDooo,486.553058466422,877.967720301055,28,28,symbol,ThingDccc,486.553058466422,877.967720301055,28,28,,,,,,,,,,
2,,X,D83,D83,C28,,Thing,,,1,1,symbol,OpenBox,498.828948041972,845.134362185217,28,28,1 498.828948041972 845.134362185217 0 0 0 0 VCThingLabel 12 ,,,,,symbol,ThingDsss,498.828948041972,845.134362185217,42,42,symbol,ThingDooo,498.828948041972,845.134362185217,28,28,symbol,ThingDccc,498.828948041972,845.134362185217,28,28,,,,,,,,,,
3,,X,D84,D84,C28,,Thing,,,1,1,symbol,OpenBox,525.483610866966,822.369129488849,28,28,1 525.483610866966 822.369129488849 0 0 0 0 VCThingLabel 12 ,,,,,symbol,ThingDsss,525.483610866966,822.369129488849,42,42,symbol,ThingDooo,525.483610866966,822.369129488849,28,28,symbol,ThingDccc,525.483610866966,822.369129488849,28,28,,,,,,,,,,
4,,X,C28,C28,B7,,Thing,,,1,1,symbol,OpenBox,556.169591142202,885.284712729791,48,48,1 556.169591142202 885.284712729791 0 0 0 0 VCThingLabel 18 ,,,,,symbol,ThingCsss,556.169591142202,885.284712729791,72,72,symbol,ThingCooo,556.169591142202,885.284712729791,48,48,symbol,ThingCccc,556.169591142202,885.284712729791,48,48,,,,,,,,,,
7,,X,B7,B7,A,,Thing,,,1,1,symbol,OpenBox,720,1000,80,80,1 720 1000 0 0 0 0 VCThingLabel 28 ,,,,,symbol,ThingBsss,720,1000,120,120,symbol,ThingBooo,720,1000,80,80,symbol,ThingBccc,720,1000,80,80,,,,,,,,,,
1,,X,D85,D85,C29,,Thing,,,1,1,symbol,OpenBox,538.862250373373,790.070236546382,28,28,1 538.862250373373 790.070236546382 0 0 0 0 VCThingLabel 12 ,,,,,symbol,ThingDsss,538.862250373373,790.070236546382,42,42,symbol,ThingDooo,538.862250373373,790.070236546382,28,28,symbol,ThingDccc,538.862250373373,790.070236546382,28,28,,,,,,,,,,
2,,X,D86,D86,C29,,Thing,,,1,1,symbol,OpenBox,536.11200795447,755.125093297696,28,28,1 536.11200795447 755.125093297696 0 0 0 0 VCThingLabel 12 ,,,,,symbol,ThingDsss,536.11200795447,755.125093297696,42,42,symbol,ThingDooo,536.11200795447,755.125093297696,28,28,symbol,ThingDccc,536.11200795447,755.125093297696,28,28,,,,,,,,,,
3,,X,D87,D87,C29,,Thing,,,1,1,symbol,OpenBox,550.648333363337,723.228038360892,28,28,1 550.648333363337 723.228038360892 0 0 0 0 VCThingLabel 12 ,,,,,symbol,ThingDsss,550.648333363337,723.228038360892,42,42,symbol,ThingDooo,550.648333363337,723.228038360892,28,28,symbol,ThingDccc,550.648333363337,723.228038360892,28,28,,,,,,,,,,
1,,X,C29,C29,B8,,Thing,,,1,1,symbol,OpenBox,605.048550665325,767.280465734381,48,48,1 605.048550665325 767.280465734381 0 0 0 0 VCThingLabel 18 ,,,,,symbol,ThingCsss,605.048550665325,767.280465734381,72,72,symbol,ThingCooo,605.048550665325,767.280465734381,48,48,symbol,ThingCccc,605.048550665325,767.280465734381,48,48,,,,,,,,,,
1,,X,D88,D88,C30,,Thing,,,1,1,symbol,OpenBox,565.112644910991,686.819185950661,28,28,1 565.112644910991 686.819185950661 0 0 0 0 VCThingLabel 12 ,,,,,symbol,ThingDsss,565.112644910991,686.819185950661,42,42,symbol,ThingDooo,565.112644910991,686.819185950661,28,28,symbol,ThingDccc,565.112644910991,686.819185950661,28,28,,,,,,,,,,
2,,X,D89,D89,C30,,Thing,,,1,1,symbol,OpenBox,576.428392186274,653.642677188649,28,28,1 576.428392186274 653.642677188649 0 0 0 0 VCThingLabel 12 ,,,,,symbol,ThingDsss,576.428392186274,653.642677188649,42,42,symbol,ThingDooo,576.428392186274,653.642677188649,28,28,symbol,ThingDccc,576.428392186274,653.642677188649,28,28,,,,,,,,,,
3,,X,D90,D90,C30,,Thing,,,1,1,symbol,OpenBox,602.409658368255,630.111831950644,28,28,1 602.409658368255 630.111831950644 0 0 0 0 VCThingLabel 12 ,,,,,symbol,ThingDsss,602.409658368255,630.111831950644,42,42,symbol,ThingDooo,602.409658368255,630.111831950644,28,28,symbol,ThingDccc,602.409658368255,630.111831950644,28,28,,,,,,,,,,
2,,X,C30,C30,B8,,Thing,,,1,1,symbol,OpenBox,634.912538985179,692.108305653606,48,48,1 634.912538985179 692.108305653606 0 0 0 0 VCThingLabel 18 ,,,,,symbol,ThingCsss,634.912538985179,692.108305653606,72,72,symbol,ThingCooo,634.912538985179,692.108305653606,48,48,symbol,ThingCccc,634.912538985179,692.108305653606,48,48,,,,,,,,,,
1,,X,D91,D91,C31,,Thing,,,1,1,symbol,OpenBox,630.111831950644,602.409658368255,28,28,1 630.111831950644 602.409658368255 0 0 0 0 VCThingLabel 12 ,,,,,symbol,ThingDsss,630.111831950644,602.409658368255,42,42,symbol,ThingDooo,630.111831950644,602.409658368255,28,28,symbol,ThingDccc,630.111831950644,602.409658368255,28,28,,,,,,,,,,
2,,X,D92,D92,C31,,Thing,,,1,1,symbol,OpenBox,653.642677188649,576.428392186274,28,28,1 653.642677188649 576.428392186274 0 0 0 0 VCThingLabel 12 ,,,,,symbol,ThingDsss,653.642677188649,576.428392186274,42,42,symbol,ThingDooo,653.642677188649,576.428392186274,28,28,symbol,ThingDccc,653.642677188649,576.428392186274,28,28,,,,,,,,,,
3,,X,D93,D93,C31,,Thing,,,1,1,symbol,OpenBox,686.819185950661,565.112644910991,28,28,1 686.819185950661 565.112644910991 0 0 0 0 VCThingLabel 12 ,,,,,symbol,ThingDsss,686.819185950661,565.112644910991,42,42,symbol,ThingDooo,686.819185950661,565.112644910991,28,28,symbol,ThingDccc,686.819185950661,565.112644910991,28,28,,,,,,,,,,
3,,X,C31,C31,B8,,Thing,,,1,1,symbol,OpenBox,692.108305653605,634.912538985179,48,48,1 692.108305653605 634.912538985179 0 0 0 0 VCThingLabel 18 ,,,,,symbol,ThingCsss,692.108305653605,634.912538985179,72,72,symbol,ThingCooo,692.108305653605,634.912538985179,48,48,symbol,ThingCccc,692.108305653605,634.912538985179,48,48,,,,,,,,,,
1,,X,D94,D94,C32,,Thing,,,1,1,symbol,OpenBox,723.228038360892,550.648333363337,28,28,1 723.228038360892 550.648333363337 0 0 0 0 VCThingLabel 12 ,,,,,symbol,ThingDsss,723.228038360892,550.648333363337,42,42,symbol,ThingDooo,723.228038360892,550.648333363337,28,28,symbol,ThingDccc,723.228038360892,550.648333363337,28,28,,,,,,,,,,
2,,X,D95,D95,C32,,Thing,,,1,1,symbol,OpenBox,755.125093297695,536.112007954471,28,28,1 755.125093297695 536.112007954471 0 0 0 0 VCThingLabel 12 ,,,,,symbol,ThingDsss,755.125093297695,536.112007954471,42,42,symbol,ThingDooo,755.125093297695,536.112007954471,28,28,symbol,ThingDccc,755.125093297695,536.112007954471,28,28,,,,,,,,,,
3,,X,D96,D96,C32,,Thing,,,1,1,symbol,OpenBox,790.070236546382,538.862250373373,28,28,1 790.070236546382 538.862250373373 0 0 0 0 VCThingLabel 12 ,,,,,symbol,ThingDsss,790.070236546382,538.862250373373,42,42,symbol,ThingDooo,790.070236546382,538.862250373373,28,28,symbol,ThingDccc,790.070236546382,538.862250373373,28,28,,,,,,,,,,
4,,X,C32,C32,B8,,Thing,,,1,1,symbol,OpenBox,767.280465734381,605.048550665325,48,48,1 767.280465734381 605.048550665325 0 0 0 0 VCThingLabel 18 ,,,,,symbol,ThingCsss,767.280465734381,605.048550665325,72,72,symbol,ThingCooo,767.280465734381,605.048550665325,48,48,symbol,ThingCccc,767.280465734381,605.048550665325,48,48,,,,,,,,,,
8,,X,B8,B8,A,,Thing,,,1,1,symbol,OpenBox,802.010101267767,802.010101267767,80,80,1 802.010101267767 802.010101267767 0 0 0 0 VCThingLabel 28 ,,,,,symbol,ThingBsss,802.010101267767,802.010101267767,120,120,symbol,ThingBooo,802.010101267767,802.010101267767,80,80,symbol,ThingBccc,802.010101267767,802.010101267767,80,80,,,,,,,,,,
